CatS_178,CatS_29
CatS_178,CatS_191
CatS_191,CatS_30
CatS_29,CatS_30
CatS_30,CatS_155
CatS_155,CatS_157
CatS_155,CatS_153
CatS_153,CatS_157
CatS_157,CatS_160
CatS_160,CatS_185
CatS_185,CatS_176
CatS_176,CatS_180
CatS_180,CatS_174
CatS_174,CatS_195
CatS_195,CatS_79
CatS_79,CatS_139
CatS_139,CatS_76
CatS_76,CatS_186
CatS_186,CatS_184
CatS_184,CatS_157
CatS_79,CatS_131
CatS_131,CatS_142
CatS_142,CatS_162
CatS_162,CatS_252
CatS_252,CatS_177
CatS_177,CatS_172
CatS_172,CatS_76
CatS_142,CatS_141
CatS_141,CatS_84
CatS_84,CatS_122
CatS_122,CatS_181
CatS_181,CatS_167
CatS_167,CatS_252
CatS_142,CatS_132
CatS_132,CatS_144
CatS_144,CatS_142
CatS_144,CatS_127
CatS_127,CatS_165
CatS_165,CatS_130
CatS_130,CatS_127
CatS_252,CatS_255
CatS_255,CatS_253
CatS_253,CatS_252
CatS_255,CatS_4
CatS_4,CatS_9
CatS_9,CatS_52
CatS_52,CatS_4
